number,name,next_evolution,height_in_cm,weight_in_kg,types,damage_taken_by_type
001,Bulbasaur,Ivysaur,70,6.9,Grass;Poison,Amount=1 Type=Normal;Amount=2 Type=Fire;Amount=0.5 Type=Water;Amount=0.5 Type=Electric;Amount=0.25 Type=Grass;Amount=2 Type=Ice;Amount=0.5 Type=Fighting;Amount=1 Type=Poison;Amount=1 Type=Ground;Amount=2 Type=Flying;Amount=2 Type=Psychic;Amount=1 Type=Bug;Amount=1 Type=Rock;Amount=1 Type=Ghost;Amount=1 Type=Dragon;Amount=1 Type=Dark;Amount=1 Type=Steel;Amount=0.5 Type=Fairy
002,Ivysaur,Venusaur,100,13.0,Grass;Poison,Amount=1 Type=Normal;Amount=2 Type=Fire;Amount=0.5 Type=Water;Amount=0.5 Type=Electric;Amount=0.25 Type=Grass;Amount=2 Type=Ice;Amount=0.5 Type=Fighting;Amount=1 Type=Poison;Amount=1 Type=Ground;Amount=2 Type=Flying;Amount=2 Type=Psychic;Amount=1 Type=Bug;Amount=1 Type=Rock;Amount=1 Type=Ghost;Amount=1 Type=Dragon;Amount=1 Type=Dark;Amount=1 Type=Steel;Amount=0.5 Type=Fairy
003,Venusaur,,200,100.0,Grass;Poison,Amount=1 Type=Normal;Amount=2 Type=Fire;Amount=0.5 Type=Water;Amount=0.5 Type=Electric;Amount=0.25 Type=Grass;Amount=2 Type=Ice;Amount=0.5 Type=Fighting;Amount=1 Type=Poison;Amount=1 Type=Ground;Amount=2 Type=Flying;Amount=2 Type=Psychic;Amount=1 Type=Bug;Amount=1 Type=Rock;Amount=1 Type=Ghost;Amount=1 Type=Dragon;Amount=1 Type=Dark;Amount=1 Type=Steel;Amount=0.5 Type=Fairy
004,Charmander,Charmeleon,60,8.5,Fire,Amount=1 Type=Normal;Amount=0.5 Type=Fire;Amount=2 Type=Water;Amount=1 Type=Electric;Amount=0.5 Type=Grass;Amount=0.5 Type=Ice;Amount=1 Type=Fighting;Amount=1 Type=Poison;Amount=2 Type=Ground;Amount=1 Type=Flying;Amount=1 Type=Psychic;Amount=0.5 Type=Bug;Amount=2 Type=Rock;Amount=1 Type=Ghost;Amount=1 Type=Dragon;Amount=1 Type=Dark;Amount=0.5 Type=Steel;Amount=0.5 Type=Fairy
005,Charmeleon,Charizard,110,19.0,Fire,Amount=1 Type=Normal;Amount=0.5 Type=Fire;Amount=2 Type=Water;Amount=1 Type=Electric;Amount=0.5 Type=Grass;Amount=0.5 Type=Ice;Amount=1 Type=Fighting;Amount=1 Type=Poison;Amount=2 Type=Ground;Amount=1 Type=Flying;Amount=1 Type=Psychic;Amount=0.5 Type=Bug;Amount=2 Type=Rock;Amount=1 Type=Ghost;Amount=1 Type=Dragon;Amount=1 Type=Dark;Amount=0.5 Type=Steel;Amount=0.5 Type=Fairy
006,Charizard,,170,90.5,Fire;Flying,Amount=1 Type=Normal;Amount=0.5 Type=Fire;Amount=2 Type=Water;Amount=2 Type=Electric;Amount=0.25 Type=Grass;Amount=1 Type=Ice;Amount=0.5 Type=Fighting;Amount=1 Type=Poison;Amount=0 Type=Ground;Amount=1 Type=Flying;Amount=1 Type=Psychic;Amount=0.25 Type=Bug;Amount=4 Type=Rock;Amount=1 Type=Ghost;Amount=1 Type=Dragon;Amount=1 Type=Dark;Amount=0.5 Type=Steel;Amount=0.5 Type=Fairy
007,Squirtle,Wartortle,50,9.0,Water,Amount=1 Type=Normal;Amount=0.5 Type=Fire;Amount=0.5 Type=Water;Amount=2 Type=Electric;Amount=2 Type=Grass;Amount=0.5 Type=Ice;Amount=1 Type=Fighting;Amount=1 Type=Poison;Amount=1 Type=Ground;Amount=1 Type=Flying;Amount=1 Type=Psychic;Amount=1 Type=Bug;Amount=1 Type=Rock;Amount=1 Type=Ghost;Amount=1 Type=Dragon;Amount=1 Type=Dark;Amount=0.5 Type=Steel;Amount=1 Type=Fairy
008,Wartortle,Blastoise,100,22.5,Water,Amount=1 Type=Normal;Amount=0.5 Type=Fire;Amount=0.5 Type=Water;Amount=2 Type=Electric;Amount=2 Type=Grass;Amount=0.5 Type=Ice;Amount=1 Type=Fighting;Amount=1 Type=Poison;Amount=1 Type=Ground;Amount=1 Type=Flying;Amount=1 Type=Psychic;Amount=1 Type=Bug;Amount=1 Type=Rock;Amount=1 Type=Ghost;Amount=1 Type=Dragon;Amount=1 Type=Dark;Amount=0.5 Type=Steel;Amount=1 Type=Fairy
009,Blastoise,,160,85.5,Water,Amount=1 Type=Normal;Amount=0.5 Type=Fire;Amount=0.5 Type=Water;Amount=2 Type=Electric;Amount=2 Type=Grass;Amount=0.5 Type=Ice;Amount=1 Type=Fighting;Amount=1 Type=Poison;Amount=1 Type=Ground;Amount=1 Type=Flying;Amount=1 Type=Psychic;Amount=1 Type=Bug;Amount=1 Type=Rock;Amount=1 Type=Ghost;Amount=1 Type=Dragon;Amount=1 Type=Dark;Amount=0.5 Type=Steel;Amount=1 Type=Fairy
010,Caterpie,Metapod,30,2.9,Bug,Amount=1 Type=Normal;Amount=2 Type=Fire;Amount=1 Type=Water;Amount=1 Type=Electric;Amount=0.5 Type=Grass;Amount=1 Type=Ice;Amount=0.5 Type=Fighting;Amount=1 Type=Poison;Amount=0.5 Type=Ground;Amount=2 Type=Flying;Amount=1 Type=Psychic;Amount=1 Type=Bug;Amount=2 Type=Rock;Amount=1 Type=Ghost;Amount=1 Type=Dragon;Amount=1 Type=Dark;Amount=1 Type=Steel;Amount=1 Type=Fairy
011,Metapod,Butterfree,70,9.9,Bug,Amount=1 Type=Normal;Amount=2 Type=Fire;Amount=1 Type=Water;Amount=1 Type=Electric;Amount=0.5 Type=Grass;Amount=1 Type=Ice;Amount=0.5 Type=Fighting;Amount=1 Type=Poison;Amount=0.5 Type=Ground;Amount=2 Type=Flying;Amount=1 Type=Psychic;Amount=1 Type=Bug;Amount=2 Type=Rock;Amount=1 Type=Ghost;Amount=1 Type=Dragon;Amount=1 Type=Dark;Amount=1 Type=Steel;Amount=1 Type=Fairy
012,Butterfree,,110,32.0,Bug;Flying,Amount=1 Type=Normal;Amount=2 Type=Fire;Amount=1 Type=Water;Amount=2 Type=Electric;Amount=0.25 Type=Grass;Amount=2 Type=Ice;Amount=0.25 Type=Fighting;Amount=1 Type=Poison;Amount=0 Type=Ground;Amount=2 Type=Flying;Amount=1 Type=Psychic;Amount=0.5 Type=Bug;Amount=4 Type=Rock;Amount=1 Type=Ghost;Amount=1 Type=Dragon;Amount=1 Type=Dark;Amount=1 Type=Steel;Amount=1 Type=Fairy
013,Weedle,Kakuna,30,3.2,Bug;Poison,Amount=1 Type=Normal;Amount=2 Type=Fire;Amount=1 Type=Water;Amount=1 Type=Electric;Amount=0.25 Type=Grass;Amount=1 Type=Ice;Amount=0.25 Type=Fighting;Amount=0.5 Type=Poison;Amount=1 Type=Ground;Amount=2 Type=Flying;Amount=2 Type=Psychic;Amount=0.5 Type=Bug;Amount=2 Type=Rock;Amount=1 Type=Ghost;Amount=1 Type=Dragon;Amount=1 Type=Dark;Amount=1 Type=Steel;Amount=0.5 Type=Fairy
014,Kakuna,Beedrill,60,10.0,Bug;Poison,Amount=1 Type=Normal;Amount=2 Type=Fire;Amount=1 Type=Water;Amount=1 Type=Electric;Amount=0.25 Type=Grass;Amount=1 Type=Ice;Amount=0.25 Type=Fighting;Amount=0.5 Type=Poison;Amount=1 Type=Ground;Amount=2 Type=Flying;Amount=2 Type=Psychic;Amount=0.5 Type=Bug;Amount=2 Type=Rock;Amount=1 Type=Ghost;Amount=1 Type=Dragon;Amount=1 Type=Dark;Amount=1 Type=Steel;Amount=0.5 Type=Fairy
015,Beedrill,,100,29.5,Bug;Poison,Amount=1 Type=Normal;Amount=2 Type=Fire;Amount=1 Type=Water;Amount=1 Type=Electric;Amount=0.25 Type=Grass;Amount=1 Type=Ice;Amount=0.25 Type=Fighting;Amount=0.5 Type=Poison;Amount=1 Type=Ground;Amount=2 Type=Flying;Amount=2 Type=Psychic;Amount=0.5 Type=Bug;Amount=2 Type=Rock;Amount=1 Type=Ghost;Amount=1 Type=Dragon;Amount=1 Type=Dark;Amount=1 Type=Steel;Amount=0.5 Type=Fairy
016,Pidgey,Pidgeotto,30,1.8,Normal;Flying,Amount=1 Type=Normal;Amount=1 Type=Fire;Amount=1 Type=Water;Amount=2 Type=Electric;Amount=0.5 Type=Grass;Amount=2 Type=Ice;Amount=1 Type=Fighting;Amount=1 Type=Poison;Amount=0 Type=Ground;Amount=1 Type=Flying;Amount=1 Type=Psychic;Amount=0.5 Type=Bug;Amount=2 Type=Rock;Amount=0 Type=Ghost;Amount=1 Type=Dragon;Amount=1 Type=Dark;Amount=1 Type=Steel;Amount=1 Type=Fairy
017,Pidgeotto,Pidgeot,110,30.0,Normal;Flying,Amount=1 Type=Normal;Amount=1 Type=Fire;Amount=1 Type=Water;Amount=2 Type=Electric;Amount=0.5 Type=Grass;Amount=2 Type=Ice;Amount=1 Type=Fighting;Amount=1 Type=Poison;Amount=0 Type=Ground;Amount=1 Type=Flying;Amount=1 Type=Psychic;Amount=0.5 Type=Bug;Amount=2 Type=Rock;Amount=0 Type=Ghost;Amount=1 Type=Dragon;Amount=1 Type=Dark;Amount=1 Type=Steel;Amount=1 Type=Fairy
018,Pidgeot,,150,39.5,Normal;Flying,Amount=1 Type=Normal;Amount=1 Type=Fire;Amount=1 Type=Water;Amount=2 Type=Electric;Amount=0.5 Type=Grass;Amount=2 Type=Ice;Amount=1 Type=Fighting;Amount=1 Type=Poison;Amount=0 Type=Ground;Amount=1 Type=Flying;Amount=1 Type=Psychic;Amount=0.5 Type=Bug;Amount=2 Type=Rock;Amount=0 Type=Ghost;Amount=1 Type=Dragon;Amount=1 Type=Dark;Amount=1 Type=Steel;Amount=1 Type=Fairy
019,Rattata,Raticate,30,3.5,Normal,Amount=1 Type=Normal;Amount=1 Type=Fire;Amount=1 Type=Water;Amount=1 Type=Electric;Amount=1 Type=Grass;Amount=1 Type=Ice;Amount=2 Type=Fighting;Amount=1 Type=Poison;Amount=1 Type=Ground;Amount=1 Type=Flying;Amount=1 Type=Psychic;Amount=1 Type=Bug;Amount=1 Type=Rock;Amount=0 Type=Ghost;Amount=1 Type=Dragon;Amount=1 Type=Dark;Amount=1 Type=Steel;Amount=1 Type=Fairy
020,Raticate,Rattata,70,18.5,Normal,Amount=1 Type=Normal;Amount=1 Type=Fire;Amount=1 Type=Water;Amount=1 Type=Electric;Amount=1 Type=Grass;Amount=1 Type=Ice;Amount=2 Type=Fighting;Amount=1 Type=Poison;Amount=1 Type=Ground;Amount=1 Type=Flying;Amount=1 Type=Psychic;Amount=1 Type=Bug;Amount=1 Type=Rock;Amount=0 Type=Ghost;Amount=1 Type=Dragon;Amount=1 Type=Dark;Amount=1 Type=Steel;Amount=1 Type=Fairy
021,Spearow,Fearow,30,2.0,Normal;Flying,Amount=1 Type=Normal;Amount=1 Type=Fire;Amount=1 Type=Water;Amount=2 Type=Electric;Amount=0.5 Type=Grass;Amount=2 Type=Ice;Amount=1 Type=Fighting;Amount=1 Type=Poison;Amount=0 Type=Ground;Amount=1 Type=Flying;Amount=1 Type=Psychic;Amount=0.5 Type=Bug;Amount=2 Type=Rock;Amount=0 Type=Ghost;Amount=1 Type=Dragon;Amount=1 Type=Dark;Amount=1 Type=Steel;Amount=1 Type=Fairy
022,Fearow,,120,38.0,Normal;Flying,Amount=1 Type=Normal;Amount=1 Type=Fire;Amount=1 Type=Water;Amount=2 Type=Electric;Amount=0.5 Type=Grass;Amount=2 Type=Ice;Amount=1 Type=Fighting;Amount=1 Type=Poison;Amount=0 Type=Ground;Amount=1 Type=Flying;Amount=1 Type=Psychic;Amount=0.5 Type=Bug;Amount=2 Type=Rock;Amount=0 Type=Ghost;Amount=1 Type=Dragon;Amount=1 Type=Dark;Amount=1 Type=Steel;Amount=1 Type=Fairy
023,Ekans,Arbok,200,6.9,Poison,Amount=1 Type=Normal;Amount=1 Type=Fire;Amount=1 Type=Water;Amount=1 Type=Electric;Amount=0.5 Type=Grass;Amount=1 Type=Ice;Amount=0.5 Type=Fighting;Amount=0.5 Type=Poison;Amount=2 Type=Ground;Amount=1 Type=Flying;Amount=2 Type=Psychic;Amount=0.5 Type=Bug;Amount=1 Type=Rock;Amount=1 Type=Ghost;Amount=1 Type=Dragon;Amount=1 Type=Dark;Amount=1 Type=Steel;Amount=0.5 Type=Fairy
024,Arbok,,350,65.0,Poison,Amount=1 Type=Normal;Amount=1 Type=Fire;Amount=1 Type=Water;Amount=1 Type=Electric;Amount=0.5 Type=Grass;Amount=1 Type=Ice;Amount=0.5 Type=Fighting;Amount=0.5 Type=Poison;Amount=2 Type=Ground;Amount=1 Type=Flying;Amount=2 Type=Psychic;Amount=0.5 Type=Bug;Amount=1 Type=Rock;Amount=1 Type=Ghost;Amount=1 Type=Dragon;Amount=1 Type=Dark;Amount=1 Type=Steel;Amount=0.5 Type=Fairy
025,Pikachu,,40,6.0,Electric,Amount=1 Type=Normal;Amount=1 Type=Fire;Amount=1 Type=Water;Amount=0.5 Type=Electric;Amount=1 Type=Grass;Amount=1 Type=Ice;Amount=1 Type=Fighting;Amount=1 Type=Poison;Amount=2 Type=Ground;Amount=0.5 Type=Flying;Amount=1 Type=Psychic;Amount=1 Type=Bug;Amount=1 Type=Rock;Amount=1 Type=Ghost;Amount=1 Type=Dragon;Amount=1 Type=Dark;Amount=0.5 Type=Steel;Amount=1 Type=Fairy
026,Raichu,,80,30.0,Electric,Amount=1 Type=Normal;Amount=1 Type=Fire;Amount=1 Type=Water;Amount=0.5 Type=Electric;Amount=1 Type=Grass;Amount=1 Type=Ice;Amount=1 Type=Fighting;Amount=1 Type=Poison;Amount=2 Type=Ground;Amount=0.5 Type=Flying;Amount=1 Type=Psychic;Amount=1 Type=Bug;Amount=1 Type=Rock;Amount=1 Type=Ghost;Amount=1 Type=Dragon;Amount=1 Type=Dark;Amount=0.5 Type=Steel;Amount=1 Type=Fairy
027,Sandshrew,Sandslash,60,12.0,Ground,Amount=1 Type=Normal;Amount=1 Type=Fire;Amount=2 Type=Water;Amount=0 Type=Electric;Amount=2 Type=Grass;Amount=2 Type=Ice;Amount=1 Type=Fighting;Amount=0.5 Type=Poison;Amount=1 Type=Ground;Amount=1 Type=Flying;Amount=1 Type=Psychic;Amount=1 Type=Bug;Amount=0.5 Type=Rock;Amount=1 Type=Ghost;Amount=1 Type=Dragon;Amount=1 Type=Dark;Amount=1 Type=Steel;Amount=1 Type=Fairy
028,Sandslash,Sandshrew,100,29.5,Ground,Amount=1 Type=Normal;Amount=1 Type=Fire;Amount=2 Type=Water;Amount=0 Type=Electric;Amount=2 Type=Grass;Amount=2 Type=Ice;Amount=1 Type=Fighting;Amount=0.5 Type=Poison;Amount=1 Type=Ground;Amount=1 Type=Flying;Amount=1 Type=Psychic;Amount=1 Type=Bug;Amount=0.5 Type=Rock;Amount=1 Type=Ghost;Amount=1 Type=Dragon;Amount=1 Type=Dark;Amount=1 Type=Steel;Amount=1 Type=Fairy
029,Nidoran,Nidorina,40,7.0,Poison,Amount=1 Type=Normal;Amount=1 Type=Fire;Amount=1 Type=Water;Amount=1 Type=Electric;Amount=0.5 Type=Grass;Amount=1 Type=Ice;Amount=0.5 Type=Fighting;Amount=0.5 Type=Poison;Amount=2 Type=Ground;Amount=1 Type=Flying;Amount=2 Type=Psychic;Amount=0.5 Type=Bug;Amount=1 Type=Rock;Amount=1 Type=Ghost;Amount=1 Type=Dragon;Amount=1 Type=Dark;Amount=1 Type=Steel;Amount=0.5 Type=Fairy
030,Nidorina,Nidoqueen,80,20.0,Poison,Amount=1 Type=Normal;Amount=1 Type=Fire;Amount=1 Type=Water;Amount=1 Type=Electric;Amount=0.5 Type=Grass;Amount=1 Type=Ice;Amount=0.5 Type=Fighting;Amount=0.5 Type=Poison;Amount=2 Type=Ground;Amount=1 Type=Flying;Amount=2 Type=Psychic;Amount=0.5 Type=Bug;Amount=1 Type=Rock;Amount=1 Type=Ghost;Amount=1 Type=Dragon;Amount=1 Type=Dark;Amount=1 Type=Steel;Amount=0.5 Type=Fairy
031,Nidoqueen,,130,60.0,Poison;Ground,Amount=1 Type=Normal;Amount=1 Type=Fire;Amount=2 Type=Water;Amount=0 Type=Electric;Amount=1 Type=Grass;Amount=2 Type=Ice;Amount=0.5 Type=Fighting;Amount=0.25 Type=Poison;Amount=2 Type=Ground;Amount=1 Type=Flying;Amount=2 Type=Psychic;Amount=0.5 Type=Bug;Amount=0.5 Type=Rock;Amount=1 Type=Ghost;Amount=1 Type=Dragon;Amount=1 Type=Dark;Amount=1 Type=Steel;Amount=0.5 Type=Fairy
032,Nidoran,Nidorino,50,9.0,Poison,Amount=1 Type=Normal;Amount=1 Type=Fire;Amount=1 Type=Water;Amount=1 Type=Electric;Amount=0.5 Type=Grass;Amount=1 Type=Ice;Amount=0.5 Type=Fighting;Amount=0.5 Type=Poison;Amount=2 Type=Ground;Amount=1 Type=Flying;Amount=2 Type=Psychic;Amount=0.5 Type=Bug;Amount=1 Type=Rock;Amount=1 Type=Ghost;Amount=1 Type=Dragon;Amount=1 Type=Dark;Amount=1 Type=Steel;Amount=0.5 Type=Fairy
033,Nidorino,Nidoking,90,19.5,Poison,Amount=1 Type=Normal;Amount=1 Type=Fire;Amount=1 Type=Water;Amount=1 Type=Electric;Amount=0.5 Type=Grass;Amount=1 Type=Ice;Amount=0.5 Type=Fighting;Amount=0.5 Type=Poison;Amount=2 Type=Ground;Amount=1 Type=Flying;Amount=2 Type=Psychic;Amount=0.5 Type=Bug;Amount=1 Type=Rock;Amount=1 Type=Ghost;Amount=1 Type=Dragon;Amount=1 Type=Dark;Amount=1 Type=Steel;Amount=0.5 Type=Fairy
034,Nidoking,,140,62.0,Poison;Ground,Amount=1 Type=Normal;Amount=1 Type=Fire;Amount=2 Type=Water;Amount=0 Type=Electric;Amount=1 Type=Grass;Amount=2 Type=Ice;Amount=0.5 Type=Fighting;Amount=0.25 Type=Poison;Amount=2 Type=Ground;Amount=1 Type=Flying;Amount=2 Type=Psychic;Amount=0.5 Type=Bug;Amount=0.5 Type=Rock;Amount=1 Type=Ghost;Amount=1 Type=Dragon;Amount=1 Type=Dark;Amount=1 Type=Steel;Amount=0.5 Type=Fairy
035,Clefairy,Clefable,60,7.5,Fairy,Amount=1 Type=Normal;Amount=1 Type=Fire;Amount=1 Type=Water;Amount=1 Type=Electric;Amount=1 Type=Grass;Amount=1 Type=Ice;Amount=0.5 Type=Fighting;Amount=2 Type=Poison;Amount=1 Type=Ground;Amount=1 Type=Flying;Amount=1 Type=Psychic;Amount=0.5 Type=Bug;Amount=1 Type=Rock;Amount=1 Type=Ghost;Amount=0 Type=Dragon;Amount=0.5 Type=Dark;Amount=2 Type=Steel;Amount=1 Type=Fairy
036,Clefable,,130,40.0,Fairy,Amount=1 Type=Normal;Amount=1 Type=Fire;Amount=1 Type=Water;Amount=1 Type=Electric;Amount=1 Type=Grass;Amount=1 Type=Ice;Amount=0.5 Type=Fighting;Amount=2 Type=Poison;Amount=1 Type=Ground;Amount=1 Type=Flying;Amount=1 Type=Psychic;Amount=0.5 Type=Bug;Amount=1 Type=Rock;Amount=1 Type=Ghost;Amount=0 Type=Dragon;Amount=0.5 Type=Dark;Amount=2 Type=Steel;Amount=1 Type=Fairy
037,Vulpix,Ninetales,60,9.9,Fire,Amount=1 Type=Normal;Amount=0 Type=Fire;Amount=2 Type=Water;Amount=1 Type=Electric;Amount=0.5 Type=Grass;Amount=0.5 Type=Ice;Amount=1 Type=Fighting;Amount=1 Type=Poison;Amount=2 Type=Ground;Amount=1 Type=Flying;Amount=1 Type=Psychic;Amount=0.5 Type=Bug;Amount=2 Type=Rock;Amount=1 Type=Ghost;Amount=1 Type=Dragon;Amount=1 Type=Dark;Amount=0.5 Type=Steel;Amount=0.5 Type=Fairy
038,Ninetales,Vulpix,110,19.9,Fire,Amount=1 Type=Normal;Amount=0 Type=Fire;Amount=2 Type=Water;Amount=1 Type=Electric;Amount=0.5 Type=Grass;Amount=0.5 Type=Ice;Amount=1 Type=Fighting;Amount=1 Type=Poison;Amount=2 Type=Ground;Amount=1 Type=Flying;Amount=1 Type=Psychic;Amount=0.5 Type=Bug;Amount=2 Type=Rock;Amount=1 Type=Ghost;Amount=1 Type=Dragon;Amount=1 Type=Dark;Amount=0.5 Type=Steel;Amount=0.5 Type=Fairy
039,Jigglypuff,Wigglytuff,50,5.5,Normal;Fairy,Amount=1 Type=Normal;Amount=1 Type=Fire;Amount=1 Type=Water;Amount=1 Type=Electric;Amount=1 Type=Grass;Amount=1 Type=Ice;Amount=1 Type=Fighting;Amount=2 Type=Poison;Amount=1 Type=Ground;Amount=1 Type=Flying;Amount=1 Type=Psychic;Amount=0.5 Type=Bug;Amount=1 Type=Rock;Amount=0 Type=Ghost;Amount=0 Type=Dragon;Amount=0.5 Type=Dark;Amount=2 Type=Steel;Amount=1 Type=Fairy
040,Wigglytuff,,100,12.0,Normal;Fairy,Amount=1 Type=Normal;Amount=1 Type=Fire;Amount=1 Type=Water;Amount=1 Type=Electric;Amount=1 Type=Grass;Amount=1 Type=Ice;Amount=1 Type=Fighting;Amount=2 Type=Poison;Amount=1 Type=Ground;Amount=1 Type=Flying;Amount=1 Type=Psychic;Amount=0.5 Type=Bug;Amount=1 Type=Rock;Amount=0 Type=Ghost;Amount=0 Type=Dragon;Amount=0.5 Type=Dark;Amount=2 Type=Steel;Amount=1 Type=Fairy
041,Zubat,Golbat,80,7.5,Poison;Flying,Amount=1 Type=Normal;Amount=1 Type=Fire;Amount=1 Type=Water;Amount=2 Type=Electric;Amount=0.25 Type=Grass;Amount=2 Type=Ice;Amount=0.25 Type=Fighting;Amount=0.5 Type=Poison;Amount=0 Type=Ground;Amount=1 Type=Flying;Amount=2 Type=Psychic;Amount=0.25 Type=Bug;Amount=2 Type=Rock;Amount=1 Type=Ghost;Amount=1 Type=Dragon;Amount=1 Type=Dark;Amount=1 Type=Steel;Amount=0.5 Type=Fairy
042,Golbat,Crobat,160,55.0,Poison;Flying,Amount=1 Type=Normal;Amount=1 Type=Fire;Amount=1 Type=Water;Amount=2 Type=Electric;Amount=0.25 Type=Grass;Amount=2 Type=Ice;Amount=0.25 Type=Fighting;Amount=0.5 Type=Poison;Amount=0 Type=Ground;Amount=1 Type=Flying;Amount=2 Type=Psychic;Amount=0.25 Type=Bug;Amount=2 Type=Rock;Amount=1 Type=Ghost;Amount=1 Type=Dragon;Amount=1 Type=Dark;Amount=1 Type=Steel;Amount=0.5 Type=Fairy
043,Oddish,Gloom,50,5.4,Grass;Poison,Amount=1 Type=Normal;Amount=2 Type=Fire;Amount=0.5 Type=Water;Amount=0.5 Type=Electric;Amount=0.25 Type=Grass;Amount=2 Type=Ice;Amount=0.5 Type=Fighting;Amount=1 Type=Poison;Amount=1 Type=Ground;Amount=2 Type=Flying;Amount=2 Type=Psychic;Amount=1 Type=Bug;Amount=1 Type=Rock;Amount=1 Type=Ghost;Amount=1 Type=Dragon;Amount=1 Type=Dark;Amount=1 Type=Steel;Amount=0.5 Type=Fairy
044,Gloom,,80,8.6,Grass;Poison,Amount=1 Type=Normal;Amount=2 Type=Fire;Amount=0.5 Type=Water;Amount=0.5 Type=Electric;Amount=0.25 Type=Grass;Amount=2 Type=Ice;Amount=0.5 Type=Fighting;Amount=1 Type=Poison;Amount=1 Type=Ground;Amount=2 Type=Flying;Amount=2 Type=Psychic;Amount=1 Type=Bug;Amount=1 Type=Rock;Amount=1 Type=Ghost;Amount=1 Type=Dragon;Amount=1 Type=Dark;Amount=1 Type=Steel;Amount=0.5 Type=Fairy
045,Vileplume,,120,18.6,Grass;Poison,Amount=1 Type=Normal;Amount=2 Type=Fire;Amount=0.5 Type=Water;Amount=0.5 Type=Electric;Amount=0.25 Type=Grass;Amount=2 Type=Ice;Amount=0.5 Type=Fighting;Amount=1 Type=Poison;Amount=1 Type=Ground;Amount=2 Type=Flying;Amount=2 Type=Psychic;Amount=1 Type=Bug;Amount=1 Type=Rock;Amount=1 Type=Ghost;Amount=1 Type=Dragon;Amount=1 Type=Dark;Amount=1 Type=Steel;Amount=0.5 Type=Fairy
046,Paras,Parasect,30,5.4,Bug;Grass,Amount=1 Type=Normal;Amount=4 Type=Fire;Amount=0.5 Type=Water;Amount=0.5 Type=Electric;Amount=0.25 Type=Grass;Amount=2 Type=Ice;Amount=0.5 Type=Fighting;Amount=2 Type=Poison;Amount=0.25 Type=Ground;Amount=4 Type=Flying;Amount=1 Type=Psychic;Amount=2 Type=Bug;Amount=2 Type=Rock;Amount=1 Type=Ghost;Amount=1 Type=Dragon;Amount=1 Type=Dark;Amount=1 Type=Steel;Amount=1 Type=Fairy
047,Parasect,,100,29.5,Bug;Grass,Amount=1 Type=Normal;Amount=4 Type=Fire;Amount=0.5 Type=Water;Amount=0.5 Type=Electric;Amount=0.25 Type=Grass;Amount=2 Type=Ice;Amount=0.5 Type=Fighting;Amount=2 Type=Poison;Amount=0.25 Type=Ground;Amount=4 Type=Flying;Amount=1 Type=Psychic;Amount=2 Type=Bug;Amount=2 Type=Rock;Amount=1 Type=Ghost;Amount=1 Type=Dragon;Amount=1 Type=Dark;Amount=1 Type=Steel;Amount=1 Type=Fairy
048,Venonat,Venomoth,100,30.0,Bug;Poison,Amount=1 Type=Normal;Amount=2 Type=Fire;Amount=1 Type=Water;Amount=1 Type=Electric;Amount=0.25 Type=Grass;Amount=1 Type=Ice;Amount=0.25 Type=Fighting;Amount=0.5 Type=Poison;Amount=1 Type=Ground;Amount=2 Type=Flying;Amount=2 Type=Psychic;Amount=0.5 Type=Bug;Amount=2 Type=Rock;Amount=1 Type=Ghost;Amount=1 Type=Dragon;Amount=1 Type=Dark;Amount=1 Type=Steel;Amount=0.5 Type=Fairy
049,Venomoth,,150,12.5,Bug;Poison,Amount=1 Type=Normal;Amount=2 Type=Fire;Amount=1 Type=Water;Amount=1 Type=Electric;Amount=0.25 Type=Grass;Amount=1 Type=Ice;Amount=0.25 Type=Fighting;Amount=0.5 Type=Poison;Amount=1 Type=Ground;Amount=2 Type=Flying;Amount=2 Type=Psychic;Amount=0.5 Type=Bug;Amount=2 Type=Rock;Amount=1 Type=Ghost;Amount=1 Type=Dragon;Amount=1 Type=Dark;Amount=1 Type=Steel;Amount=0.5 Type=Fairy
050,Diglett,Dugtrio,20,0.8,Ground,Amount=1 Type=Normal;Amount=1 Type=Fire;Amount=2 Type=Water;Amount=0 Type=Electric;Amount=2 Type=Grass;Amount=2 Type=Ice;Amount=1 Type=Fighting;Amount=0.5 Type=Poison;Amount=1 Type=Ground;Amount=1 Type=Flying;Amount=1 Type=Psychic;Amount=1 Type=Bug;Amount=0.5 Type=Rock;Amount=1 Type=Ghost;Amount=1 Type=Dragon;Amount=1 Type=Dark;Amount=1 Type=Steel;Amount=1 Type=Fairy
051,Dugtrio,Diglett,70,33.3,Ground,Amount=1 Type=Normal;Amount=1 Type=Fire;Amount=2 Type=Water;Amount=0 Type=Electric;Amount=2 Type=Grass;Amount=2 Type=Ice;Amount=1 Type=Fighting;Amount=0.5 Type=Poison;Amount=1 Type=Ground;Amount=1 Type=Flying;Amount=1 Type=Psychic;Amount=1 Type=Bug;Amount=0.5 Type=Rock;Amount=1 Type=Ghost;Amount=1 Type=Dragon;Amount=1 Type=Dark;Amount=1 Type=Steel;Amount=1 Type=Fairy
052,Meowth,Persian,40,4.2,Normal,Amount=1 Type=Normal;Amount=1 Type=Fire;Amount=1 Type=Water;Amount=1 Type=Electric;Amount=1 Type=Grass;Amount=1 Type=Ice;Amount=2 Type=Fighting;Amount=1 Type=Poison;Amount=1 Type=Ground;Amount=1 Type=Flying;Amount=1 Type=Psychic;Amount=1 Type=Bug;Amount=1 Type=Rock;Amount=0 Type=Ghost;Amount=1 Type=Dragon;Amount=1 Type=Dark;Amount=1 Type=Steel;Amount=1 Type=Fairy
053,Persian,Meowth,100,32.0,Normal,Amount=1 Type=Normal;Amount=1 Type=Fire;Amount=1 Type=Water;Amount=1 Type=Electric;Amount=1 Type=Grass;Amount=1 Type=Ice;Amount=2 Type=Fighting;Amount=1 Type=Poison;Amount=1 Type=Ground;Amount=1 Type=Flying;Amount=1 Type=Psychic;Amount=1 Type=Bug;Amount=1 Type=Rock;Amount=0 Type=Ghost;Amount=1 Type=Dragon;Amount=1 Type=Dark;Amount=1 Type=Steel;Amount=1 Type=Fairy
054,Psyduck,Golduck,80,19.6,Water,Amount=1 Type=Normal;Amount=0.5 Type=Fire;Amount=0.5 Type=Water;Amount=2 Type=Electric;Amount=2 Type=Grass;Amount=0.5 Type=Ice;Amount=1 Type=Fighting;Amount=1 Type=Poison;Amount=1 Type=Ground;Amount=1 Type=Flying;Amount=1 Type=Psychic;Amount=1 Type=Bug;Amount=1 Type=Rock;Amount=1 Type=Ghost;Amount=1 Type=Dragon;Amount=1 Type=Dark;Amount=0.5 Type=Steel;Amount=1 Type=Fairy
055,Golduck,,170,76.6,Water,Amount=1 Type=Normal;Amount=0.5 Type=Fire;Amount=0.5 Type=Water;Amount=2 Type=Electric;Amount=2 Type=Grass;Amount=0.5 Type=Ice;Amount=1 Type=Fighting;Amount=1 Type=Poison;Amount=1 Type=Ground;Amount=1 Type=Flying;Amount=1 Type=Psychic;Amount=1 Type=Bug;Amount=1 Type=Rock;Amount=1 Type=Ghost;Amount=1 Type=Dragon;Amount=1 Type=Dark;Amount=0.5 Type=Steel;Amount=1 Type=Fairy
056,Mankey,Primeape,50,28.0,Fighting,Amount=1 Type=Normal;Amount=1 Type=Fire;Amount=1 Type=Water;Amount=1 Type=Electric;Amount=1 Type=Grass;Amount=1 Type=Ice;Amount=1 Type=Fighting;Amount=1 Type=Poison;Amount=1 Type=Ground;Amount=2 Type=Flying;Amount=2 Type=Psychic;Amount=0.5 Type=Bug;Amount=0.5 Type=Rock;Amount=1 Type=Ghost;Amount=1 Type=Dragon;Amount=0.5 Type=Dark;Amount=1 Type=Steel;Amount=2 Type=Fairy
057,Primeape,,100,32.0,Fighting,Amount=1 Type=Normal;Amount=1 Type=Fire;Amount=1 Type=Water;Amount=1 Type=Electric;Amount=1 Type=Grass;Amount=1 Type=Ice;Amount=1 Type=Fighting;Amount=1 Type=Poison;Amount=1 Type=Ground;Amount=2 Type=Flying;Amount=2 Type=Psychic;Amount=0.5 Type=Bug;Amount=0.5 Type=Rock;Amount=1 Type=Ghost;Amount=1 Type=Dragon;Amount=0.5 Type=Dark;Amount=1 Type=Steel;Amount=2 Type=Fairy
058,Growlithe,Arcanine,70,19.0,Fire,Amount=1 Type=Normal;Amount=0.5 Type=Fire;Amount=2 Type=Water;Amount=1 Type=Electric;Amount=0.5 Type=Grass;Amount=0.5 Type=Ice;Amount=1 Type=Fighting;Amount=1 Type=Poison;Amount=2 Type=Ground;Amount=1 Type=Flying;Amount=1 Type=Psychic;Amount=0.5 Type=Bug;Amount=2 Type=Rock;Amount=1 Type=Ghost;Amount=1 Type=Dragon;Amount=1 Type=Dark;Amount=0.5 Type=Steel;Amount=0.5 Type=Fairy
059,Arcanine,Growlithe,190,155.0,Fire,Amount=1 Type=Normal;Amount=0.5 Type=Fire;Amount=2 Type=Water;Amount=1 Type=Electric;Amount=0.5 Type=Grass;Amount=0.5 Type=Ice;Amount=1 Type=Fighting;Amount=1 Type=Poison;Amount=2 Type=Ground;Amount=1 Type=Flying;Amount=1 Type=Psychic;Amount=0.5 Type=Bug;Amount=2 Type=Rock;Amount=1 Type=Ghost;Amount=1 Type=Dragon;Amount=1 Type=Dark;Amount=0.5 Type=Steel;Amount=0.5 Type=Fairy
060,Poliwag,Poliwhirl,60,12.4,Water,Amount=1 Type=Normal;Amount=0.5 Type=Fire;Amount=0 Type=Water;Amount=2 Type=Electric;Amount=2 Type=Grass;Amount=0.5 Type=Ice;Amount=1 Type=Fighting;Amount=1 Type=Poison;Amount=1 Type=Ground;Amount=1 Type=Flying;Amount=1 Type=Psychic;Amount=1 Type=Bug;Amount=1 Type=Rock;Amount=1 Type=Ghost;Amount=1 Type=Dragon;Amount=1 Type=Dark;Amount=0.5 Type=Steel;Amount=1 Type=Fairy
061,Poliwhirl,,100,20.0,Water,Amount=1 Type=Normal;Amount=0.5 Type=Fire;Amount=0 Type=Water;Amount=2 Type=Electric;Amount=2 Type=Grass;Amount=0.5 Type=Ice;Amount=1 Type=Fighting;Amount=1 Type=Poison;Amount=1 Type=Ground;Amount=1 Type=Flying;Amount=1 Type=Psychic;Amount=1 Type=Bug;Amount=1 Type=Rock;Amount=1 Type=Ghost;Amount=1 Type=Dragon;Amount=1 Type=Dark;Amount=0.5 Type=Steel;Amount=1 Type=Fairy
062,Poliwrath,,130,54.0,Water;Fighting,Amount=1 Type=Normal;Amount=0.5 Type=Fire;Amount=0 Type=Water;Amount=2 Type=Electric;Amount=2 Type=Grass;Amount=0.5 Type=Ice;Amount=1 Type=Fighting;Amount=1 Type=Poison;Amount=1 Type=Ground;Amount=2 Type=Flying;Amount=2 Type=Psychic;Amount=0.5 Type=Bug;Amount=0.5 Type=Rock;Amount=1 Type=Ghost;Amount=1 Type=Dragon;Amount=0.5 Type=Dark;Amount=0.5 Type=Steel;Amount=2 Type=Fairy
063,Abra,Kadabra,90,19.5,Psychic,Amount=1 Type=Normal;Amount=1 Type=Fire;Amount=1 Type=Water;Amount=1 Type=Electric;Amount=1 Type=Grass;Amount=1 Type=Ice;Amount=0.5 Type=Fighting;Amount=1 Type=Poison;Amount=1 Type=Ground;Amount=1 Type=Flying;Amount=0.5 Type=Psychic;Amount=2 Type=Bug;Amount=1 Type=Rock;Amount=2 Type=Ghost;Amount=1 Type=Dragon;Amount=2 Type=Dark;Amount=1 Type=Steel;Amount=1 Type=Fairy
064,Kadabra,Alakazam,130,56.5,Psychic,Amount=1 Type=Normal;Amount=1 Type=Fire;Amount=1 Type=Water;Amount=1 Type=Electric;Amount=1 Type=Grass;Amount=1 Type=Ice;Amount=0.5 Type=Fighting;Amount=1 Type=Poison;Amount=1 Type=Ground;Amount=1 Type=Flying;Amount=0.5 Type=Psychic;Amount=2 Type=Bug;Amount=1 Type=Rock;Amount=2 Type=Ghost;Amount=1 Type=Dragon;Amount=2 Type=Dark;Amount=1 Type=Steel;Amount=1 Type=Fairy
065,Alakazam,,150,48.0,Psychic,Amount=1 Type=Normal;Amount=1 Type=Fire;Amount=1 Type=Water;Amount=1 Type=Electric;Amount=1 Type=Grass;Amount=1 Type=Ice;Amount=0.5 Type=Fighting;Amount=1 Type=Poison;Amount=1 Type=Ground;Amount=1 Type=Flying;Amount=0.5 Type=Psychic;Amount=2 Type=Bug;Amount=1 Type=Rock;Amount=2 Type=Ghost;Amount=1 Type=Dragon;Amount=2 Type=Dark;Amount=1 Type=Steel;Amount=1 Type=Fairy
066,Machop,Machoke,80,19.5,Fighting,Amount=1 Type=Normal;Amount=1 Type=Fire;Amount=1 Type=Water;Amount=1 Type=Electric;Amount=1 Type=Grass;Amount=1 Type=Ice;Amount=1 Type=Fighting;Amount=1 Type=Poison;Amount=1 Type=Ground;Amount=2 Type=Flying;Amount=2 Type=Psychic;Amount=0.5 Type=Bug;Amount=0.5 Type=Rock;Amount=1 Type=Ghost;Amount=1 Type=Dragon;Amount=0.5 Type=Dark;Amount=1 Type=Steel;Amount=2 Type=Fairy
067,Machoke,Machamp,150,70.5,Fighting,Amount=1 Type=Normal;Amount=1 Type=Fire;Amount=1 Type=Water;Amount=1 Type=Electric;Amount=1 Type=Grass;Amount=1 Type=Ice;Amount=1 Type=Fighting;Amount=1 Type=Poison;Amount=1 Type=Ground;Amount=2 Type=Flying;Amount=2 Type=Psychic;Amount=0.5 Type=Bug;Amount=0.5 Type=Rock;Amount=1 Type=Ghost;Amount=1 Type=Dragon;Amount=0.5 Type=Dark;Amount=1 Type=Steel;Amount=2 Type=Fairy
068,Machamp,,160,130.0,Fighting,Amount=1 Type=Normal;Amount=1 Type=Fire;Amount=1 Type=Water;Amount=1 Type=Electric;Amount=1 Type=Grass;Amount=1 Type=Ice;Amount=1 Type=Fighting;Amount=1 Type=Poison;Amount=1 Type=Ground;Amount=2 Type=Flying;Amount=2 Type=Psychic;Amount=0.5 Type=Bug;Amount=0.5 Type=Rock;Amount=1 Type=Ghost;Amount=1 Type=Dragon;Amount=0.5 Type=Dark;Amount=1 Type=Steel;Amount=2 Type=Fairy
069,Bellsprout,Weepinbell,70,4.0,Grass;Poison,Amount=1 Type=Normal;Amount=2 Type=Fire;Amount=0.5 Type=Water;Amount=0.5 Type=Electric;Amount=0.25 Type=Grass;Amount=2 Type=Ice;Amount=0.5 Type=Fighting;Amount=1 Type=Poison;Amount=1 Type=Ground;Amount=2 Type=Flying;Amount=2 Type=Psychic;Amount=1 Type=Bug;Amount=1 Type=Rock;Amount=1 Type=Ghost;Amount=1 Type=Dragon;Amount=1 Type=Dark;Amount=1 Type=Steel;Amount=0.5 Type=Fairy
070,Weepinbell,Victreebel,100,6.4,Grass;Poison,Amount=1 Type=Normal;Amount=2 Type=Fire;Amount=0.5 Type=Water;Amount=0.5 Type=Electric;Amount=0.25 Type=Grass;Amount=2 Type=Ice;Amount=0.5 Type=Fighting;Amount=1 Type=Poison;Amount=1 Type=Ground;Amount=2 Type=Flying;Amount=2 Type=Psychic;Amount=1 Type=Bug;Amount=1 Type=Rock;Amount=1 Type=Ghost;Amount=1 Type=Dragon;Amount=1 Type=Dark;Amount=1 Type=Steel;Amount=0.5 Type=Fairy
071,Victreebel,,170,15.5,Grass;Poison,Amount=1 Type=Normal;Amount=2 Type=Fire;Amount=0.5 Type=Water;Amount=0.5 Type=Electric;Amount=0.25 Type=Grass;Amount=2 Type=Ice;Amount=0.5 Type=Fighting;Amount=1 Type=Poison;Amount=1 Type=Ground;Amount=2 Type=Flying;Amount=2 Type=Psychic;Amount=1 Type=Bug;Amount=1 Type=Rock;Amount=1 Type=Ghost;Amount=1 Type=Dragon;Amount=1 Type=Dark;Amount=1 Type=Steel;Amount=0.5 Type=Fairy
072,Tentacool,Tentacruel,90,45.5,Water;Poison,Amount=1 Type=Normal;Amount=0.5 Type=Fire;Amount=0.5 Type=Water;Amount=2 Type=Electric;Amount=1 Type=Grass;Amount=0.5 Type=Ice;Amount=0.5 Type=Fighting;Amount=0.5 Type=Poison;Amount=2 Type=Ground;Amount=1 Type=Flying;Amount=2 Type=Psychic;Amount=0.5 Type=Bug;Amount=1 Type=Rock;Amount=1 Type=Ghost;Amount=1 Type=Dragon;Amount=1 Type=Dark;Amount=0.5 Type=Steel;Amount=0.5 Type=Fairy
073,Tentacruel,,160,55.0,Water;Poison,Amount=1 Type=Normal;Amount=0.5 Type=Fire;Amount=0.5 Type=Water;Amount=2 Type=Electric;Amount=1 Type=Grass;Amount=0.5 Type=Ice;Amount=0.5 Type=Fighting;Amount=0.5 Type=Poison;Amount=2 Type=Ground;Amount=1 Type=Flying;Amount=2 Type=Psychic;Amount=0.5 Type=Bug;Amount=1 Type=Rock;Amount=1 Type=Ghost;Amount=1 Type=Dragon;Amount=1 Type=Dark;Amount=0.5 Type=Steel;Amount=0.5 Type=Fairy
074,Geodude,Graveler,40,20.0,Rock;Ground,Amount=0.5 Type=Normal;Amount=0.5 Type=Fire;Amount=4 Type=Water;Amount=0 Type=Electric;Amount=4 Type=Grass;Amount=2 Type=Ice;Amount=2 Type=Fighting;Amount=0.25 Type=Poison;Amount=2 Type=Ground;Amount=0.5 Type=Flying;Amount=1 Type=Psychic;Amount=1 Type=Bug;Amount=0.5 Type=Rock;Amount=1 Type=Ghost;Amount=1 Type=Dragon;Amount=1 Type=Dark;Amount=2 Type=Steel;Amount=1 Type=Fairy
075,Graveler,Golem,100,105.0,Rock;Ground,Amount=0.5 Type=Normal;Amount=0.5 Type=Fire;Amount=4 Type=Water;Amount=0 Type=Electric;Amount=4 Type=Grass;Amount=2 Type=Ice;Amount=2 Type=Fighting;Amount=0.25 Type=Poison;Amount=2 Type=Ground;Amount=0.5 Type=Flying;Amount=1 Type=Psychic;Amount=1 Type=Bug;Amount=0.5 Type=Rock;Amount=1 Type=Ghost;Amount=1 Type=Dragon;Amount=1 Type=Dark;Amount=2 Type=Steel;Amount=1 Type=Fairy
076,Golem,Geodude,140,300.0,Rock;Ground,Amount=0.5 Type=Normal;Amount=0.5 Type=Fire;Amount=4 Type=Water;Amount=0 Type=Electric;Amount=4 Type=Grass;Amount=2 Type=Ice;Amount=2 Type=Fighting;Amount=0.25 Type=Poison;Amount=2 Type=Ground;Amount=0.5 Type=Flying;Amount=1 Type=Psychic;Amount=1 Type=Bug;Amount=0.5 Type=Rock;Amount=1 Type=Ghost;Amount=1 Type=Dragon;Amount=1 Type=Dark;Amount=2 Type=Steel;Amount=1 Type=Fairy
077,Ponyta,Rapidash,100,30.0,Fire,Amount=1 Type=Normal;Amount=0.5 Type=Fire;Amount=2 Type=Water;Amount=1 Type=Electric;Amount=0.5 Type=Grass;Amount=0.5 Type=Ice;Amount=1 Type=Fighting;Amount=1 Type=Poison;Amount=2 Type=Ground;Amount=1 Type=Flying;Amount=1 Type=Psychic;Amount=0.5 Type=Bug;Amount=2 Type=Rock;Amount=1 Type=Ghost;Amount=1 Type=Dragon;Amount=1 Type=Dark;Amount=0.5 Type=Steel;Amount=0.5 Type=Fairy
078,Rapidash,Ponyta,170,95.0,Fire,Amount=1 Type=Normal;Amount=0.5 Type=Fire;Amount=2 Type=Water;Amount=1 Type=Electric;Amount=0.5 Type=Grass;Amount=0.5 Type=Ice;Amount=1 Type=Fighting;Amount=1 Type=Poison;Amount=2 Type=Ground;Amount=1 Type=Flying;Amount=1 Type=Psychic;Amount=0.5 Type=Bug;Amount=2 Type=Rock;Amount=1 Type=Ghost;Amount=1 Type=Dragon;Amount=1 Type=Dark;Amount=0.5 Type=Steel;Amount=0.5 Type=Fairy
079,Slowpoke,Slowpoke,120,36.0,Water;Psychic,Amount=1 Type=Normal;Amount=0.5 Type=Fire;Amount=0.5 Type=Water;Amount=2 Type=Electric;Amount=2 Type=Grass;Amount=0.5 Type=Ice;Amount=0.5 Type=Fighting;Amount=1 Type=Poison;Amount=1 Type=Ground;Amount=1 Type=Flying;Amount=0.5 Type=Psychic;Amount=2 Type=Bug;Amount=1 Type=Rock;Amount=2 Type=Ghost;Amount=1 Type=Dragon;Amount=2 Type=Dark;Amount=0.5 Type=Steel;Amount=1 Type=Fairy
080,Slowbro,,160,78.5,Water;Psychic,Amount=1 Type=Normal;Amount=0.5 Type=Fire;Amount=0.5 Type=Water;Amount=2 Type=Electric;Amount=2 Type=Grass;Amount=0.5 Type=Ice;Amount=0.5 Type=Fighting;Amount=1 Type=Poison;Amount=1 Type=Ground;Amount=1 Type=Flying;Amount=0.5 Type=Psychic;Amount=2 Type=Bug;Amount=1 Type=Rock;Amount=2 Type=Ghost;Amount=1 Type=Dragon;Amount=2 Type=Dark;Amount=0.5 Type=Steel;Amount=1 Type=Fairy
081,Magnemite,Magneton,30,6.0,Electric;Steel,Amount=0.5 Type=Normal;Amount=2 Type=Fire;Amount=1 Type=Water;Amount=0.5 Type=Electric;Amount=0.5 Type=Grass;Amount=0.5 Type=Ice;Amount=2 Type=Fighting;Amount=0 Type=Poison;Amount=4 Type=Ground;Amount=0.25 Type=Flying;Amount=0.5 Type=Psychic;Amount=0.5 Type=Bug;Amount=0.5 Type=Rock;Amount=1 Type=Ghost;Amount=0.5 Type=Dragon;Amount=1 Type=Dark;Amount=0.25 Type=Steel;Amount=0.5 Type=Fairy
082,Magneton,Magnezone,100,60.0,Electric;Steel,Amount=0.5 Type=Normal;Amount=2 Type=Fire;Amount=1 Type=Water;Amount=0.5 Type=Electric;Amount=0.5 Type=Grass;Amount=0.5 Type=Ice;Amount=2 Type=Fighting;Amount=0 Type=Poison;Amount=4 Type=Ground;Amount=0.25 Type=Flying;Amount=0.5 Type=Psychic;Amount=0.5 Type=Bug;Amount=0.5 Type=Rock;Amount=1 Type=Ghost;Amount=0.5 Type=Dragon;Amount=1 Type=Dark;Amount=0.25 Type=Steel;Amount=0.5 Type=Fairy
083,Farfetch'd,,80,15.0,Normal;Flying,Amount=1 Type=Normal;Amount=1 Type=Fire;Amount=1 Type=Water;Amount=2 Type=Electric;Amount=0.5 Type=Grass;Amount=2 Type=Ice;Amount=1 Type=Fighting;Amount=1 Type=Poison;Amount=0 Type=Ground;Amount=1 Type=Flying;Amount=1 Type=Psychic;Amount=0.5 Type=Bug;Amount=2 Type=Rock;Amount=0 Type=Ghost;Amount=1 Type=Dragon;Amount=1 Type=Dark;Amount=1 Type=Steel;Amount=1 Type=Fairy
084,Doduo,Dodrio,140,39.2,Normal;Flying,Amount=1 Type=Normal;Amount=1 Type=Fire;Amount=1 Type=Water;Amount=2 Type=Electric;Amount=0.5 Type=Grass;Amount=2 Type=Ice;Amount=1 Type=Fighting;Amount=1 Type=Poison;Amount=0 Type=Ground;Amount=1 Type=Flying;Amount=1 Type=Psychic;Amount=0.5 Type=Bug;Amount=2 Type=Rock;Amount=0 Type=Ghost;Amount=1 Type=Dragon;Amount=1 Type=Dark;Amount=1 Type=Steel;Amount=1 Type=Fairy
085,Dodrio,,180,85.2,Normal;Flying,Amount=1 Type=Normal;Amount=1 Type=Fire;Amount=1 Type=Water;Amount=2 Type=Electric;Amount=0.5 Type=Grass;Amount=2 Type=Ice;Amount=1 Type=Fighting;Amount=1 Type=Poison;Amount=0 Type=Ground;Amount=1 Type=Flying;Amount=1 Type=Psychic;Amount=0.5 Type=Bug;Amount=2 Type=Rock;Amount=0 Type=Ghost;Amount=1 Type=Dragon;Amount=1 Type=Dark;Amount=1 Type=Steel;Amount=1 Type=Fairy
086,Seel,Dewgong,110,90.0,Water,Amount=1 Type=Normal;Amount=0.25 Type=Fire;Amount=0.5 Type=Water;Amount=2 Type=Electric;Amount=2 Type=Grass;Amount=0.25 Type=Ice;Amount=1 Type=Fighting;Amount=1 Type=Poison;Amount=1 Type=Ground;Amount=1 Type=Flying;Amount=1 Type=Psychic;Amount=1 Type=Bug;Amount=1 Type=Rock;Amount=1 Type=Ghost;Amount=1 Type=Dragon;Amount=1 Type=Dark;Amount=0.5 Type=Steel;Amount=1 Type=Fairy
087,Dewgong,,170,120.0,Water;Ice,Amount=1 Type=Normal;Amount=0.5 Type=Fire;Amount=0.5 Type=Water;Amount=2 Type=Electric;Amount=2 Type=Grass;Amount=0 Type=Ice;Amount=2 Type=Fighting;Amount=1 Type=Poison;Amount=1 Type=Ground;Amount=1 Type=Flying;Amount=1 Type=Psychic;Amount=1 Type=Bug;Amount=2 Type=Rock;Amount=1 Type=Ghost;Amount=1 Type=Dragon;Amount=1 Type=Dark;Amount=1 Type=Steel;Amount=1 Type=Fairy
088,Grimer,Muk,90,30.0,Poison,Amount=1 Type=Normal;Amount=1 Type=Fire;Amount=1 Type=Water;Amount=1 Type=Electric;Amount=0.5 Type=Grass;Amount=1 Type=Ice;Amount=0.5 Type=Fighting;Amount=0.5 Type=Poison;Amount=2 Type=Ground;Amount=1 Type=Flying;Amount=2 Type=Psychic;Amount=0.5 Type=Bug;Amount=1 Type=Rock;Amount=1 Type=Ghost;Amount=1 Type=Dragon;Amount=1 Type=Dark;Amount=1 Type=Steel;Amount=0.5 Type=Fairy
089,Muk,Grimer,120,30.0,Poison,Amount=1 Type=Normal;Amount=1 Type=Fire;Amount=1 Type=Water;Amount=1 Type=Electric;Amount=0.5 Type=Grass;Amount=1 Type=Ice;Amount=0.5 Type=Fighting;Amount=0.5 Type=Poison;Amount=2 Type=Ground;Amount=1 Type=Flying;Amount=2 Type=Psychic;Amount=0.5 Type=Bug;Amount=1 Type=Rock;Amount=1 Type=Ghost;Amount=1 Type=Dragon;Amount=1 Type=Dark;Amount=1 Type=Steel;Amount=0.5 Type=Fairy
090,Shellder,Cloyster,30,4.0,Water,Amount=1 Type=Normal;Amount=0.5 Type=Fire;Amount=0.5 Type=Water;Amount=2 Type=Electric;Amount=2 Type=Grass;Amount=0.5 Type=Ice;Amount=1 Type=Fighting;Amount=1 Type=Poison;Amount=1 Type=Ground;Amount=1 Type=Flying;Amount=1 Type=Psychic;Amount=1 Type=Bug;Amount=1 Type=Rock;Amount=1 Type=Ghost;Amount=1 Type=Dragon;Amount=1 Type=Dark;Amount=0.5 Type=Steel;Amount=1 Type=Fairy
091,Cloyster,,150,132.5,Water;Ice,Amount=1 Type=Normal;Amount=1 Type=Fire;Amount=0.5 Type=Water;Amount=2 Type=Electric;Amount=2 Type=Grass;Amount=0.25 Type=Ice;Amount=2 Type=Fighting;Amount=1 Type=Poison;Amount=1 Type=Ground;Amount=1 Type=Flying;Amount=1 Type=Psychic;Amount=1 Type=Bug;Amount=2 Type=Rock;Amount=1 Type=Ghost;Amount=1 Type=Dragon;Amount=1 Type=Dark;Amount=1 Type=Steel;Amount=1 Type=Fairy
092,Gastly,Haunter,130,0.1,Ghost;Poison,Amount=0 Type=Normal;Amount=1 Type=Fire;Amount=1 Type=Water;Amount=1 Type=Electric;Amount=0.5 Type=Grass;Amount=1 Type=Ice;Amount=0 Type=Fighting;Amount=0.25 Type=Poison;Amount=0 Type=Ground;Amount=1 Type=Flying;Amount=2 Type=Psychic;Amount=0.25 Type=Bug;Amount=1 Type=Rock;Amount=2 Type=Ghost;Amount=1 Type=Dragon;Amount=2 Type=Dark;Amount=1 Type=Steel;Amount=0.5 Type=Fairy
093,Haunter,Gengar,160,0.1,Ghost;Poison,Amount=0 Type=Normal;Amount=1 Type=Fire;Amount=1 Type=Water;Amount=1 Type=Electric;Amount=0.5 Type=Grass;Amount=1 Type=Ice;Amount=0 Type=Fighting;Amount=0.25 Type=Poison;Amount=0 Type=Ground;Amount=1 Type=Flying;Amount=2 Type=Psychic;Amount=0.25 Type=Bug;Amount=1 Type=Rock;Amount=2 Type=Ghost;Amount=1 Type=Dragon;Amount=2 Type=Dark;Amount=1 Type=Steel;Amount=0.5 Type=Fairy
094,Gengar,,150,40.5,Ghost;Poison,Amount=0 Type=Normal;Amount=1 Type=Fire;Amount=1 Type=Water;Amount=1 Type=Electric;Amount=0.5 Type=Grass;Amount=1 Type=Ice;Amount=0 Type=Fighting;Amount=0.25 Type=Poison;Amount=2 Type=Ground;Amount=1 Type=Flying;Amount=2 Type=Psychic;Amount=0.25 Type=Bug;Amount=1 Type=Rock;Amount=2 Type=Ghost;Amount=1 Type=Dragon;Amount=2 Type=Dark;Amount=1 Type=Steel;Amount=0.5 Type=Fairy
095,Onix,Steelix,880,210.0,Rock;Ground,Amount=0.5 Type=Normal;Amount=0.5 Type=Fire;Amount=4 Type=Water;Amount=0 Type=Electric;Amount=4 Type=Grass;Amount=2 Type=Ice;Amount=2 Type=Fighting;Amount=0.25 Type=Poison;Amount=2 Type=Ground;Amount=0.5 Type=Flying;Amount=1 Type=Psychic;Amount=1 Type=Bug;Amount=0.5 Type=Rock;Amount=1 Type=Ghost;Amount=1 Type=Dragon;Amount=1 Type=Dark;Amount=2 Type=Steel;Amount=1 Type=Fairy
096,Drowzee,Hypno,100,32.4,Psychic,Amount=1 Type=Normal;Amount=1 Type=Fire;Amount=1 Type=Water;Amount=1 Type=Electric;Amount=1 Type=Grass;Amount=1 Type=Ice;Amount=0.5 Type=Fighting;Amount=1 Type=Poison;Amount=1 Type=Ground;Amount=1 Type=Flying;Amount=0.5 Type=Psychic;Amount=2 Type=Bug;Amount=1 Type=Rock;Amount=2 Type=Ghost;Amount=1 Type=Dragon;Amount=2 Type=Dark;Amount=1 Type=Steel;Amount=1 Type=Fairy
097,Hypno,,160,75.6,Psychic,Amount=1 Type=Normal;Amount=1 Type=Fire;Amount=1 Type=Water;Amount=1 Type=Electric;Amount=1 Type=Grass;Amount=1 Type=Ice;Amount=0.5 Type=Fighting;Amount=1 Type=Poison;Amount=1 Type=Ground;Amount=1 Type=Flying;Amount=0.5 Type=Psychic;Amount=2 Type=Bug;Amount=1 Type=Rock;Amount=2 Type=Ghost;Amount=1 Type=Dragon;Amount=2 Type=Dark;Amount=1 Type=Steel;Amount=1 Type=Fairy
098,Krabby,Kingler,40,6.5,Water,Amount=1 Type=Normal;Amount=0.5 Type=Fire;Amount=0.5 Type=Water;Amount=2 Type=Electric;Amount=2 Type=Grass;Amount=0.5 Type=Ice;Amount=1 Type=Fighting;Amount=1 Type=Poison;Amount=1 Type=Ground;Amount=1 Type=Flying;Amount=1 Type=Psychic;Amount=1 Type=Bug;Amount=1 Type=Rock;Amount=1 Type=Ghost;Amount=1 Type=Dragon;Amount=1 Type=Dark;Amount=0.5 Type=Steel;Amount=1 Type=Fairy
099,Kingler,,130,60.0,Water,Amount=1 Type=Normal;Amount=0.5 Type=Fire;Amount=0.5 Type=Water;Amount=2 Type=Electric;Amount=2 Type=Grass;Amount=0.5 Type=Ice;Amount=1 Type=Fighting;Amount=1 Type=Poison;Amount=1 Type=Ground;Amount=1 Type=Flying;Amount=1 Type=Psychic;Amount=1 Type=Bug;Amount=1 Type=Rock;Amount=1 Type=Ghost;Amount=1 Type=Dragon;Amount=1 Type=Dark;Amount=0.5 Type=Steel;Amount=1 Type=Fairy
100,Voltorb,Electrode,50,10.4,Electric,Amount=1 Type=Normal;Amount=1 Type=Fire;Amount=1 Type=Water;Amount=0.5 Type=Electric;Amount=1 Type=Grass;Amount=1 Type=Ice;Amount=1 Type=Fighting;Amount=1 Type=Poison;Amount=2 Type=Ground;Amount=0.5 Type=Flying;Amount=1 Type=Psychic;Amount=1 Type=Bug;Amount=1 Type=Rock;Amount=1 Type=Ghost;Amount=1 Type=Dragon;Amount=1 Type=Dark;Amount=0.5 Type=Steel;Amount=1 Type=Fairy
101,Electrode,Voltorb,120,66.6,Electric,Amount=1 Type=Normal;Amount=1 Type=Fire;Amount=1 Type=Water;Amount=0.5 Type=Electric;Amount=1 Type=Grass;Amount=1 Type=Ice;Amount=1 Type=Fighting;Amount=1 Type=Poison;Amount=2 Type=Ground;Amount=0.5 Type=Flying;Amount=1 Type=Psychic;Amount=1 Type=Bug;Amount=1 Type=Rock;Amount=1 Type=Ghost;Amount=1 Type=Dragon;Amount=1 Type=Dark;Amount=0.5 Type=Steel;Amount=1 Type=Fairy
102,Exeggcute,,40,2.5,Grass;Psychic,Amount=1 Type=Normal;Amount=2 Type=Fire;Amount=0.5 Type=Water;Amount=0.5 Type=Electric;Amount=0.5 Type=Grass;Amount=2 Type=Ice;Amount=0.5 Type=Fighting;Amount=2 Type=Poison;Amount=0.5 Type=Ground;Amount=2 Type=Flying;Amount=0.5 Type=Psychic;Amount=4 Type=Bug;Amount=1 Type=Rock;Amount=2 Type=Ghost;Amount=1 Type=Dragon;Amount=2 Type=Dark;Amount=1 Type=Steel;Amount=1 Type=Fairy
103,Exeggutor,,200,120.0,Grass;Psychic,Amount=1 Type=Normal;Amount=2 Type=Fire;Amount=0.5 Type=Water;Amount=0.5 Type=Electric;Amount=0.5 Type=Grass;Amount=2 Type=Ice;Amount=0.5 Type=Fighting;Amount=2 Type=Poison;Amount=0.5 Type=Ground;Amount=2 Type=Flying;Amount=0.5 Type=Psychic;Amount=4 Type=Bug;Amount=1 Type=Rock;Amount=2 Type=Ghost;Amount=1 Type=Dragon;Amount=2 Type=Dark;Amount=1 Type=Steel;Amount=1 Type=Fairy
104,Cubone,,40,6.5,Ground,Amount=1 Type=Normal;Amount=1 Type=Fire;Amount=2 Type=Water;Amount=0 Type=Electric;Amount=2 Type=Grass;Amount=2 Type=Ice;Amount=1 Type=Fighting;Amount=0.5 Type=Poison;Amount=1 Type=Ground;Amount=1 Type=Flying;Amount=1 Type=Psychic;Amount=1 Type=Bug;Amount=0.5 Type=Rock;Amount=1 Type=Ghost;Amount=1 Type=Dragon;Amount=1 Type=Dark;Amount=1 Type=Steel;Amount=1 Type=Fairy
105,Marowak,,100,45.0,Ground,Amount=1 Type=Normal;Amount=1 Type=Fire;Amount=2 Type=Water;Amount=0 Type=Electric;Amount=2 Type=Grass;Amount=2 Type=Ice;Amount=1 Type=Fighting;Amount=0.5 Type=Poison;Amount=1 Type=Ground;Amount=1 Type=Flying;Amount=1 Type=Psychic;Amount=1 Type=Bug;Amount=0.5 Type=Rock;Amount=1 Type=Ghost;Amount=1 Type=Dragon;Amount=1 Type=Dark;Amount=1 Type=Steel;Amount=1 Type=Fairy
106,Hitmonlee,,150,49.8,Fighting,Amount=1 Type=Normal;Amount=1 Type=Fire;Amount=1 Type=Water;Amount=1 Type=Electric;Amount=1 Type=Grass;Amount=1 Type=Ice;Amount=1 Type=Fighting;Amount=1 Type=Poison;Amount=1 Type=Ground;Amount=2 Type=Flying;Amount=2 Type=Psychic;Amount=0.5 Type=Bug;Amount=0.5 Type=Rock;Amount=1 Type=Ghost;Amount=1 Type=Dragon;Amount=0.5 Type=Dark;Amount=1 Type=Steel;Amount=2 Type=Fairy
107,Hitmonchan,,140,50.2,Fighting,Amount=1 Type=Normal;Amount=1 Type=Fire;Amount=1 Type=Water;Amount=1 Type=Electric;Amount=1 Type=Grass;Amount=1 Type=Ice;Amount=1 Type=Fighting;Amount=1 Type=Poison;Amount=1 Type=Ground;Amount=2 Type=Flying;Amount=2 Type=Psychic;Amount=0.5 Type=Bug;Amount=0.5 Type=Rock;Amount=1 Type=Ghost;Amount=1 Type=Dragon;Amount=0.5 Type=Dark;Amount=1 Type=Steel;Amount=2 Type=Fairy
108,Lickitung,Lickilicky,120,65.5,Normal,Amount=1 Type=Normal;Amount=1 Type=Fire;Amount=1 Type=Water;Amount=1 Type=Electric;Amount=1 Type=Grass;Amount=1 Type=Ice;Amount=2 Type=Fighting;Amount=1 Type=Poison;Amount=1 Type=Ground;Amount=1 Type=Flying;Amount=1 Type=Psychic;Amount=1 Type=Bug;Amount=1 Type=Rock;Amount=0 Type=Ghost;Amount=1 Type=Dragon;Amount=1 Type=Dark;Amount=1 Type=Steel;Amount=1 Type=Fairy
109,Koffing,,60,1.0,Poison,Amount=1 Type=Normal;Amount=1 Type=Fire;Amount=1 Type=Water;Amount=1 Type=Electric;Amount=0.5 Type=Grass;Amount=1 Type=Ice;Amount=0.5 Type=Fighting;Amount=0.5 Type=Poison;Amount=0 Type=Ground;Amount=1 Type=Flying;Amount=2 Type=Psychic;Amount=0.5 Type=Bug;Amount=1 Type=Rock;Amount=1 Type=Ghost;Amount=1 Type=Dragon;Amount=1 Type=Dark;Amount=1 Type=Steel;Amount=0.5 Type=Fairy
110,Weezing,,120,9.5,Poison,Amount=1 Type=Normal;Amount=1 Type=Fire;Amount=1 Type=Water;Amount=1 Type=Electric;Amount=0.5 Type=Grass;Amount=1 Type=Ice;Amount=0.5 Type=Fighting;Amount=0.5 Type=Poison;Amount=0 Type=Ground;Amount=1 Type=Flying;Amount=2 Type=Psychic;Amount=0.5 Type=Bug;Amount=1 Type=Rock;Amount=1 Type=Ghost;Amount=1 Type=Dragon;Amount=1 Type=Dark;Amount=1 Type=Steel;Amount=0.5 Type=Fairy
111,Rhyhorn,Rhydon,100,115.0,Ground;Rock,Amount=0.5 Type=Normal;Amount=0.5 Type=Fire;Amount=4 Type=Water;Amount=0 Type=Electric;Amount=4 Type=Grass;Amount=2 Type=Ice;Amount=2 Type=Fighting;Amount=0.25 Type=Poison;Amount=2 Type=Ground;Amount=0.5 Type=Flying;Amount=1 Type=Psychic;Amount=1 Type=Bug;Amount=0.5 Type=Rock;Amount=1 Type=Ghost;Amount=1 Type=Dragon;Amount=1 Type=Dark;Amount=2 Type=Steel;Amount=1 Type=Fairy
112,Rhydon,Rhyperior,190,120.0,Ground;Rock,Amount=0.5 Type=Normal;Amount=0.5 Type=Fire;Amount=4 Type=Water;Amount=0 Type=Electric;Amount=4 Type=Grass;Amount=2 Type=Ice;Amount=2 Type=Fighting;Amount=0.25 Type=Poison;Amount=2 Type=Ground;Amount=0.5 Type=Flying;Amount=1 Type=Psychic;Amount=1 Type=Bug;Amount=0.5 Type=Rock;Amount=1 Type=Ghost;Amount=1 Type=Dragon;Amount=1 Type=Dark;Amount=2 Type=Steel;Amount=1 Type=Fairy
113,Chansey,Blissey,110,34.6,Normal,Amount=1 Type=Normal;Amount=1 Type=Fire;Amount=1 Type=Water;Amount=1 Type=Electric;Amount=1 Type=Grass;Amount=1 Type=Ice;Amount=2 Type=Fighting;Amount=1 Type=Poison;Amount=1 Type=Ground;Amount=1 Type=Flying;Amount=1 Type=Psychic;Amount=1 Type=Bug;Amount=1 Type=Rock;Amount=0 Type=Ghost;Amount=1 Type=Dragon;Amount=1 Type=Dark;Amount=1 Type=Steel;Amount=1 Type=Fairy
114,Tangela,Tangrowth,100,35.0,Grass,Amount=1 Type=Normal;Amount=2 Type=Fire;Amount=0.5 Type=Water;Amount=0.5 Type=Electric;Amount=0.5 Type=Grass;Amount=2 Type=Ice;Amount=1 Type=Fighting;Amount=2 Type=Poison;Amount=0.5 Type=Ground;Amount=2 Type=Flying;Amount=1 Type=Psychic;Amount=2 Type=Bug;Amount=1 Type=Rock;Amount=1 Type=Ghost;Amount=1 Type=Dragon;Amount=1 Type=Dark;Amount=1 Type=Steel;Amount=1 Type=Fairy
115,Kangaskhan,,220,80.0,Normal,Amount=1 Type=Normal;Amount=1 Type=Fire;Amount=1 Type=Water;Amount=1 Type=Electric;Amount=1 Type=Grass;Amount=1 Type=Ice;Amount=2 Type=Fighting;Amount=1 Type=Poison;Amount=1 Type=Ground;Amount=1 Type=Flying;Amount=1 Type=Psychic;Amount=1 Type=Bug;Amount=1 Type=Rock;Amount=0 Type=Ghost;Amount=1 Type=Dragon;Amount=1 Type=Dark;Amount=1 Type=Steel;Amount=1 Type=Fairy
116,Horsea,Seadra,40,8.0,Water,Amount=1 Type=Normal;Amount=0.5 Type=Fire;Amount=0.5 Type=Water;Amount=2 Type=Electric;Amount=2 Type=Grass;Amount=0.5 Type=Ice;Amount=1 Type=Fighting;Amount=1 Type=Poison;Amount=1 Type=Ground;Amount=1 Type=Flying;Amount=1 Type=Psychic;Amount=1 Type=Bug;Amount=1 Type=Rock;Amount=1 Type=Ghost;Amount=1 Type=Dragon;Amount=1 Type=Dark;Amount=0.5 Type=Steel;Amount=1 Type=Fairy
117,Seadra,Kingdra,120,25.0,Water,Amount=1 Type=Normal;Amount=0.5 Type=Fire;Amount=0.5 Type=Water;Amount=2 Type=Electric;Amount=2 Type=Grass;Amount=0.5 Type=Ice;Amount=1 Type=Fighting;Amount=1 Type=Poison;Amount=1 Type=Ground;Amount=1 Type=Flying;Amount=1 Type=Psychic;Amount=1 Type=Bug;Amount=1 Type=Rock;Amount=1 Type=Ghost;Amount=1 Type=Dragon;Amount=1 Type=Dark;Amount=0.5 Type=Steel;Amount=1 Type=Fairy
118,Goldeen,Seaking,60,15.0,Water,Amount=1 Type=Normal;Amount=0.5 Type=Fire;Amount=0.5 Type=Water;Amount=2 Type=Electric;Amount=2 Type=Grass;Amount=0.5 Type=Ice;Amount=1 Type=Fighting;Amount=1 Type=Poison;Amount=1 Type=Ground;Amount=1 Type=Flying;Amount=1 Type=Psychic;Amount=1 Type=Bug;Amount=1 Type=Rock;Amount=1 Type=Ghost;Amount=1 Type=Dragon;Amount=1 Type=Dark;Amount=0.5 Type=Steel;Amount=1 Type=Fairy
119,Seaking,,130,39.0,Water,Amount=1 Type=Normal;Amount=0.5 Type=Fire;Amount=0.5 Type=Water;Amount=2 Type=Electric;Amount=2 Type=Grass;Amount=0.5 Type=Ice;Amount=1 Type=Fighting;Amount=1 Type=Poison;Amount=1 Type=Ground;Amount=1 Type=Flying;Amount=1 Type=Psychic;Amount=1 Type=Bug;Amount=1 Type=Rock;Amount=1 Type=Ghost;Amount=1 Type=Dragon;Amount=1 Type=Dark;Amount=0.5 Type=Steel;Amount=1 Type=Fairy
120,Staryu,Starmie,80,34.5,Water,Amount=1 Type=Normal;Amount=0.5 Type=Fire;Amount=0.5 Type=Water;Amount=2 Type=Electric;Amount=2 Type=Grass;Amount=0.5 Type=Ice;Amount=1 Type=Fighting;Amount=1 Type=Poison;Amount=1 Type=Ground;Amount=1 Type=Flying;Amount=1 Type=Psychic;Amount=1 Type=Bug;Amount=1 Type=Rock;Amount=1 Type=Ghost;Amount=1 Type=Dragon;Amount=1 Type=Dark;Amount=0.5 Type=Steel;Amount=1 Type=Fairy
121,Starmie,,110,80.0,Water;Psychic,Amount=1 Type=Normal;Amount=0.5 Type=Fire;Amount=0.5 Type=Water;Amount=2 Type=Electric;Amount=2 Type=Grass;Amount=0.5 Type=Ice;Amount=0.5 Type=Fighting;Amount=1 Type=Poison;Amount=1 Type=Ground;Amount=1 Type=Flying;Amount=0.5 Type=Psychic;Amount=2 Type=Bug;Amount=1 Type=Rock;Amount=2 Type=Ghost;Amount=1 Type=Dragon;Amount=2 Type=Dark;Amount=0.5 Type=Steel;Amount=1 Type=Fairy
122,Mr. Mime,,130,54.5,Psychic;Fairy,Amount=1 Type=Normal;Amount=1 Type=Fire;Amount=1 Type=Water;Amount=1 Type=Electric;Amount=1 Type=Grass;Amount=1 Type=Ice;Amount=0.25 Type=Fighting;Amount=2 Type=Poison;Amount=1 Type=Ground;Amount=1 Type=Flying;Amount=0.5 Type=Psychic;Amount=1 Type=Bug;Amount=1 Type=Rock;Amount=2 Type=Ghost;Amount=0 Type=Dragon;Amount=1 Type=Dark;Amount=2 Type=Steel;Amount=1 Type=Fairy
123,Scyther,,150,56.0,Bug;Flying,Amount=1 Type=Normal;Amount=2 Type=Fire;Amount=1 Type=Water;Amount=2 Type=Electric;Amount=0.25 Type=Grass;Amount=2 Type=Ice;Amount=0.25 Type=Fighting;Amount=1 Type=Poison;Amount=0 Type=Ground;Amount=2 Type=Flying;Amount=1 Type=Psychic;Amount=0.5 Type=Bug;Amount=4 Type=Rock;Amount=1 Type=Ghost;Amount=1 Type=Dragon;Amount=1 Type=Dark;Amount=1 Type=Steel;Amount=1 Type=Fairy
124,Jynx,,140,40.6,Ice;Psychic,Amount=1 Type=Normal;Amount=2 Type=Fire;Amount=1 Type=Water;Amount=1 Type=Electric;Amount=1 Type=Grass;Amount=0.5 Type=Ice;Amount=1 Type=Fighting;Amount=1 Type=Poison;Amount=1 Type=Ground;Amount=1 Type=Flying;Amount=0.5 Type=Psychic;Amount=2 Type=Bug;Amount=2 Type=Rock;Amount=2 Type=Ghost;Amount=1 Type=Dragon;Amount=2 Type=Dark;Amount=2 Type=Steel;Amount=1 Type=Fairy
125,Electabuzz,Electivire,110,30.0,Electric,Amount=1 Type=Normal;Amount=1 Type=Fire;Amount=1 Type=Water;Amount=0.5 Type=Electric;Amount=1 Type=Grass;Amount=1 Type=Ice;Amount=1 Type=Fighting;Amount=1 Type=Poison;Amount=2 Type=Ground;Amount=0.5 Type=Flying;Amount=1 Type=Psychic;Amount=1 Type=Bug;Amount=1 Type=Rock;Amount=1 Type=Ghost;Amount=1 Type=Dragon;Amount=1 Type=Dark;Amount=0.5 Type=Steel;Amount=1 Type=Fairy
126,Magmar,Magmortar,130,44.5,Fire,Amount=1 Type=Normal;Amount=0.5 Type=Fire;Amount=2 Type=Water;Amount=1 Type=Electric;Amount=0.5 Type=Grass;Amount=0.5 Type=Ice;Amount=1 Type=Fighting;Amount=1 Type=Poison;Amount=2 Type=Ground;Amount=1 Type=Flying;Amount=1 Type=Psychic;Amount=0.5 Type=Bug;Amount=2 Type=Rock;Amount=1 Type=Ghost;Amount=1 Type=Dragon;Amount=1 Type=Dark;Amount=0.5 Type=Steel;Amount=0.5 Type=Fairy
127,Pinsir,,150,55.0,Bug,Amount=1 Type=Normal;Amount=2 Type=Fire;Amount=1 Type=Water;Amount=1 Type=Electric;Amount=0.5 Type=Grass;Amount=1 Type=Ice;Amount=0.5 Type=Fighting;Amount=1 Type=Poison;Amount=0.5 Type=Ground;Amount=2 Type=Flying;Amount=1 Type=Psychic;Amount=1 Type=Bug;Amount=2 Type=Rock;Amount=1 Type=Ghost;Amount=1 Type=Dragon;Amount=1 Type=Dark;Amount=1 Type=Steel;Amount=1 Type=Fairy
128,Tauros,,140,88.4,Normal,Amount=1 Type=Normal;Amount=1 Type=Fire;Amount=1 Type=Water;Amount=1 Type=Electric;Amount=1 Type=Grass;Amount=1 Type=Ice;Amount=2 Type=Fighting;Amount=1 Type=Poison;Amount=1 Type=Ground;Amount=1 Type=Flying;Amount=1 Type=Psychic;Amount=1 Type=Bug;Amount=1 Type=Rock;Amount=0 Type=Ghost;Amount=1 Type=Dragon;Amount=1 Type=Dark;Amount=1 Type=Steel;Amount=1 Type=Fairy
129,Magikarp,Gyarados,90,10.0,Water,Amount=1 Type=Normal;Amount=0.5 Type=Fire;Amount=0.5 Type=Water;Amount=2 Type=Electric;Amount=2 Type=Grass;Amount=0.5 Type=Ice;Amount=1 Type=Fighting;Amount=1 Type=Poison;Amount=1 Type=Ground;Amount=1 Type=Flying;Amount=1 Type=Psychic;Amount=1 Type=Bug;Amount=1 Type=Rock;Amount=1 Type=Ghost;Amount=1 Type=Dragon;Amount=1 Type=Dark;Amount=0.5 Type=Steel;Amount=1 Type=Fairy
130,Gyarados,,650,235.0,Water;Flying,Amount=1 Type=Normal;Amount=0.5 Type=Fire;Amount=0.5 Type=Water;Amount=4 Type=Electric;Amount=1 Type=Grass;Amount=1 Type=Ice;Amount=0.5 Type=Fighting;Amount=1 Type=Poison;Amount=0 Type=Ground;Amount=1 Type=Flying;Amount=1 Type=Psychic;Amount=0.5 Type=Bug;Amount=2 Type=Rock;Amount=1 Type=Ghost;Amount=1 Type=Dragon;Amount=1 Type=Dark;Amount=0.5 Type=Steel;Amount=1 Type=Fairy
131,Lapras,,250,220.0,Water;Ice,Amount=1 Type=Normal;Amount=1 Type=Fire;Amount=0 Type=Water;Amount=2 Type=Electric;Amount=2 Type=Grass;Amount=0.25 Type=Ice;Amount=2 Type=Fighting;Amount=1 Type=Poison;Amount=1 Type=Ground;Amount=1 Type=Flying;Amount=1 Type=Psychic;Amount=1 Type=Bug;Amount=2 Type=Rock;Amount=1 Type=Ghost;Amount=1 Type=Dragon;Amount=1 Type=Dark;Amount=1 Type=Steel;Amount=1 Type=Fairy
132,Ditto,,30,4.0,Normal,Amount=1 Type=Normal;Amount=1 Type=Fire;Amount=1 Type=Water;Amount=1 Type=Electric;Amount=1 Type=Grass;Amount=1 Type=Ice;Amount=2 Type=Fighting;Amount=1 Type=Poison;Amount=1 Type=Ground;Amount=1 Type=Flying;Amount=1 Type=Psychic;Amount=1 Type=Bug;Amount=1 Type=Rock;Amount=0 Type=Ghost;Amount=1 Type=Dragon;Amount=1 Type=Dark;Amount=1 Type=Steel;Amount=1 Type=Fairy
133,Eevee,Eevee,30,6.5,Normal,Amount=1 Type=Normal;Amount=1 Type=Fire;Amount=1 Type=Water;Amount=1 Type=Electric;Amount=1 Type=Grass;Amount=1 Type=Ice;Amount=2 Type=Fighting;Amount=1 Type=Poison;Amount=1 Type=Ground;Amount=1 Type=Flying;Amount=1 Type=Psychic;Amount=1 Type=Bug;Amount=1 Type=Rock;Amount=0 Type=Ghost;Amount=1 Type=Dragon;Amount=1 Type=Dark;Amount=1 Type=Steel;Amount=1 Type=Fairy
134,Vaporeon,,100,29.0,Water,Amount=1 Type=Normal;Amount=0.5 Type=Fire;Amount=0 Type=Water;Amount=2 Type=Electric;Amount=2 Type=Grass;Amount=0.5 Type=Ice;Amount=1 Type=Fighting;Amount=1 Type=Poison;Amount=1 Type=Ground;Amount=1 Type=Flying;Amount=1 Type=Psychic;Amount=1 Type=Bug;Amount=1 Type=Rock;Amount=1 Type=Ghost;Amount=1 Type=Dragon;Amount=1 Type=Dark;Amount=0.5 Type=Steel;Amount=1 Type=Fairy
135,Jolteon,,80,24.5,Electric,Amount=1 Type=Normal;Amount=1 Type=Fire;Amount=1 Type=Water;Amount=0 Type=Electric;Amount=1 Type=Grass;Amount=1 Type=Ice;Amount=1 Type=Fighting;Amount=1 Type=Poison;Amount=2 Type=Ground;Amount=0.5 Type=Flying;Amount=1 Type=Psychic;Amount=1 Type=Bug;Amount=1 Type=Rock;Amount=1 Type=Ghost;Amount=1 Type=Dragon;Amount=1 Type=Dark;Amount=0.5 Type=Steel;Amount=1 Type=Fairy
136,Flareon,,90,25.0,Fire,Amount=1 Type=Normal;Amount=0 Type=Fire;Amount=2 Type=Water;Amount=1 Type=Electric;Amount=0.5 Type=Grass;Amount=0.5 Type=Ice;Amount=1 Type=Fighting;Amount=1 Type=Poison;Amount=2 Type=Ground;Amount=1 Type=Flying;Amount=1 Type=Psychic;Amount=0.5 Type=Bug;Amount=2 Type=Rock;Amount=1 Type=Ghost;Amount=1 Type=Dragon;Amount=1 Type=Dark;Amount=0.5 Type=Steel;Amount=0.5 Type=Fairy
137,Porygon,Porygon,80,36.5,Normal,Amount=1 Type=Normal;Amount=1 Type=Fire;Amount=1 Type=Water;Amount=1 Type=Electric;Amount=1 Type=Grass;Amount=1 Type=Ice;Amount=2 Type=Fighting;Amount=1 Type=Poison;Amount=1 Type=Ground;Amount=1 Type=Flying;Amount=1 Type=Psychic;Amount=1 Type=Bug;Amount=1 Type=Rock;Amount=0 Type=Ghost;Amount=1 Type=Dragon;Amount=1 Type=Dark;Amount=1 Type=Steel;Amount=1 Type=Fairy
138,Omanyte,Omastar,40,7.5,Rock;Water,Amount=0.5 Type=Normal;Amount=0.25 Type=Fire;Amount=1 Type=Water;Amount=2 Type=Electric;Amount=4 Type=Grass;Amount=0.5 Type=Ice;Amount=2 Type=Fighting;Amount=0.5 Type=Poison;Amount=2 Type=Ground;Amount=0.5 Type=Flying;Amount=1 Type=Psychic;Amount=1 Type=Bug;Amount=1 Type=Rock;Amount=1 Type=Ghost;Amount=1 Type=Dragon;Amount=1 Type=Dark;Amount=1 Type=Steel;Amount=1 Type=Fairy
139,Omastar,,100,35.0,Rock;Water,Amount=0.5 Type=Normal;Amount=0.25 Type=Fire;Amount=1 Type=Water;Amount=2 Type=Electric;Amount=4 Type=Grass;Amount=0.5 Type=Ice;Amount=2 Type=Fighting;Amount=0.5 Type=Poison;Amount=2 Type=Ground;Amount=0.5 Type=Flying;Amount=1 Type=Psychic;Amount=1 Type=Bug;Amount=1 Type=Rock;Amount=1 Type=Ghost;Amount=1 Type=Dragon;Amount=1 Type=Dark;Amount=1 Type=Steel;Amount=1 Type=Fairy
140,Kabuto,Kabutops,50,11.5,Rock;Water,Amount=0.5 Type=Normal;Amount=0.25 Type=Fire;Amount=1 Type=Water;Amount=2 Type=Electric;Amount=4 Type=Grass;Amount=0.5 Type=Ice;Amount=2 Type=Fighting;Amount=0.5 Type=Poison;Amount=2 Type=Ground;Amount=0.5 Type=Flying;Amount=1 Type=Psychic;Amount=1 Type=Bug;Amount=1 Type=Rock;Amount=1 Type=Ghost;Amount=1 Type=Dragon;Amount=1 Type=Dark;Amount=1 Type=Steel;Amount=1 Type=Fairy
141,Kabutops,,130,40.5,Rock;Water,Amount=0.5 Type=Normal;Amount=0.25 Type=Fire;Amount=1 Type=Water;Amount=2 Type=Electric;Amount=4 Type=Grass;Amount=0.5 Type=Ice;Amount=2 Type=Fighting;Amount=0.5 Type=Poison;Amount=2 Type=Ground;Amount=0.5 Type=Flying;Amount=1 Type=Psychic;Amount=1 Type=Bug;Amount=1 Type=Rock;Amount=1 Type=Ghost;Amount=1 Type=Dragon;Amount=1 Type=Dark;Amount=1 Type=Steel;Amount=1 Type=Fairy
142,Aerodactyl,,180,59.0,Rock;Flying,Amount=0.5 Type=Normal;Amount=0.5 Type=Fire;Amount=2 Type=Water;Amount=2 Type=Electric;Amount=1 Type=Grass;Amount=2 Type=Ice;Amount=1 Type=Fighting;Amount=0.5 Type=Poison;Amount=0 Type=Ground;Amount=0.5 Type=Flying;Amount=1 Type=Psychic;Amount=0.5 Type=Bug;Amount=2 Type=Rock;Amount=1 Type=Ghost;Amount=1 Type=Dragon;Amount=1 Type=Dark;Amount=2 Type=Steel;Amount=1 Type=Fairy
143,Snorlax,,210,460.0,Normal,Amount=1 Type=Normal;Amount=1 Type=Fire;Amount=1 Type=Water;Amount=1 Type=Electric;Amount=1 Type=Grass;Amount=1 Type=Ice;Amount=2 Type=Fighting;Amount=1 Type=Poison;Amount=1 Type=Ground;Amount=1 Type=Flying;Amount=1 Type=Psychic;Amount=1 Type=Bug;Amount=1 Type=Rock;Amount=0 Type=Ghost;Amount=1 Type=Dragon;Amount=1 Type=Dark;Amount=1 Type=Steel;Amount=1 Type=Fairy
144,Articuno,,170,55.4,Ice;Flying,Amount=1 Type=Normal;Amount=2 Type=Fire;Amount=1 Type=Water;Amount=2 Type=Electric;Amount=0.5 Type=Grass;Amount=1 Type=Ice;Amount=1 Type=Fighting;Amount=1 Type=Poison;Amount=0 Type=Ground;Amount=1 Type=Flying;Amount=1 Type=Psychic;Amount=0.5 Type=Bug;Amount=4 Type=Rock;Amount=1 Type=Ghost;Amount=1 Type=Dragon;Amount=1 Type=Dark;Amount=2 Type=Steel;Amount=1 Type=Fairy
145,Zapdos,,160,52.6,Electric;Flying,Amount=1 Type=Normal;Amount=1 Type=Fire;Amount=1 Type=Water;Amount=1 Type=Electric;Amount=0.5 Type=Grass;Amount=2 Type=Ice;Amount=0.5 Type=Fighting;Amount=1 Type=Poison;Amount=0 Type=Ground;Amount=0.5 Type=Flying;Amount=1 Type=Psychic;Amount=0.5 Type=Bug;Amount=2 Type=Rock;Amount=1 Type=Ghost;Amount=1 Type=Dragon;Amount=1 Type=Dark;Amount=0.5 Type=Steel;Amount=1 Type=Fairy
146,Moltres,,200,60.0,Fire;Flying,Amount=1 Type=Normal;Amount=0.5 Type=Fire;Amount=2 Type=Water;Amount=2 Type=Electric;Amount=0.25 Type=Grass;Amount=1 Type=Ice;Amount=0.5 Type=Fighting;Amount=1 Type=Poison;Amount=0 Type=Ground;Amount=1 Type=Flying;Amount=1 Type=Psychic;Amount=0.25 Type=Bug;Amount=4 Type=Rock;Amount=1 Type=Ghost;Amount=1 Type=Dragon;Amount=1 Type=Dark;Amount=0.5 Type=Steel;Amount=0.5 Type=Fairy
147,Dratini,Dragonair,180,3.3,Dragon,Amount=1 Type=Normal;Amount=0.5 Type=Fire;Amount=0.5 Type=Water;Amount=0.5 Type=Electric;Amount=0.5 Type=Grass;Amount=2 Type=Ice;Amount=1 Type=Fighting;Amount=1 Type=Poison;Amount=1 Type=Ground;Amount=1 Type=Flying;Amount=1 Type=Psychic;Amount=1 Type=Bug;Amount=1 Type=Rock;Amount=1 Type=Ghost;Amount=2 Type=Dragon;Amount=1 Type=Dark;Amount=1 Type=Steel;Amount=2 Type=Fairy
148,Dragonair,Dragonite,400,16.5,Dragon,Amount=1 Type=Normal;Amount=0.5 Type=Fire;Amount=0.5 Type=Water;Amount=0.5 Type=Electric;Amount=0.5 Type=Grass;Amount=2 Type=Ice;Amount=1 Type=Fighting;Amount=1 Type=Poison;Amount=1 Type=Ground;Amount=1 Type=Flying;Amount=1 Type=Psychic;Amount=1 Type=Bug;Amount=1 Type=Rock;Amount=1 Type=Ghost;Amount=2 Type=Dragon;Amount=1 Type=Dark;Amount=1 Type=Steel;Amount=2 Type=Fairy
149,Dragonite,,220,210.0,Dragon;Flying,Amount=1 Type=Normal;Amount=0.5 Type=Fire;Amount=0.5 Type=Water;Amount=1 Type=Electric;Amount=0.25 Type=Grass;Amount=4 Type=Ice;Amount=0.5 Type=Fighting;Amount=1 Type=Poison;Amount=0 Type=Ground;Amount=1 Type=Flying;Amount=1 Type=Psychic;Amount=0.5 Type=Bug;Amount=2 Type=Rock;Amount=1 Type=Ghost;Amount=2 Type=Dragon;Amount=1 Type=Dark;Amount=1 Type=Steel;Amount=2 Type=Fairy
150,Mewtwo,,200,122.0,Psychic,Amount=1 Type=Normal;Amount=1 Type=Fire;Amount=1 Type=Water;Amount=1 Type=Electric;Amount=1 Type=Grass;Amount=1 Type=Ice;Amount=0.5 Type=Fighting;Amount=1 Type=Poison;Amount=1 Type=Ground;Amount=1 Type=Flying;Amount=0.5 Type=Psychic;Amount=2 Type=Bug;Amount=1 Type=Rock;Amount=2 Type=Ghost;Amount=1 Type=Dragon;Amount=2 Type=Dark;Amount=1 Type=Steel;Amount=1 Type=Fairy
151,Mew,,40,4.0,Psychic,Amount=1 Type=Normal;Amount=1 Type=Fire;Amount=1 Type=Water;Amount=1 Type=Electric;Amount=1 Type=Grass;Amount=1 Type=Ice;Amount=0.5 Type=Fighting;Amount=1 Type=Poison;Amount=1 Type=Ground;Amount=1 Type=Flying;Amount=0.5 Type=Psychic;Amount=2 Type=Bug;Amount=1 Type=Rock;Amount=2 Type=Ghost;Amount=1 Type=Dragon;Amount=2 Type=Dark;Amount=1 Type=Steel;Amount=1 Type=Fairy
